日期,基金代码,基金名称,基金份额(亿份),ETF收盘价
20230104,510050,上证50ETF华夏,219.057668,2.663
20230104,510300,沪深300ETF华泰柏瑞,191.695877,3.9572
20230104,510310,沪深300ETF易方达,84.163074,1.8527
20230104,510500,中证500ETF南方,101.457686,5.9738
20230111,510050,上证50ETF华夏,207.573668,2.752
20230111,510300,沪深300ETF华泰柏瑞,183.847877,4.0751
20230111,510310,沪深300ETF易方达,83.923074,1.9084
20230111,510500,中证500ETF南方,100.877686,6.0358
20230118,510050,上证50ETF华夏,219.489668,2.821
20230118,510300,沪深300ETF华泰柏瑞,199.714877,4.1319
20230118,510310,沪深300ETF易方达,88.383074,1.9656
20230118,510500,中证500ETF南方,104.377686,6.1744
20230201,510050,上证50ETF华夏,211.75866800000003,2.831
20230201,510300,沪深300ETF华泰柏瑞,207.19387700000001,4.1962
20230201,510310,沪深300ETF易方达,87.283074,1.9965
20230201,510500,中证500ETF南方,106.385686,6.3883
20230208,510050,上证50ETF华夏,207.420668,2.74
20230208,510300,沪深300ETF华泰柏瑞,190.669877,4.0755
20230208,510310,沪深300ETF易方达,82.343074,1.9396
20230208,510500,中证500ETF南方,94.98968599999999,6.2893
20230215,510050,上证50ETF华夏,206.484668,2.761
20230215,510300,沪深300ETF华泰柏瑞,180.634877,4.122
20230215,510310,沪深300ETF易方达,81.643074,1.9621
20230215,510500,中证500ETF南方,86.665686,6.4045
20230222,510050,上证50ETF华夏,210.66066800000002,2.778
20230222,510300,沪深300ETF华泰柏瑞,178.915877,4.1046
20230222,510310,沪深300ETF易方达,81.823074,1.9541
20230222,510500,中证500ETF南方,81.621686,6.395
20230301,510050,上证50ETF华夏,214.665668,2.781
20230301,510300,沪深300ETF华泰柏瑞,178.978877,4.1247
20230301,510310,沪深300ETF易方达,83.263074,1.9641
20230301,510500,中证500ETF南方,77.537686,6.4217
20230308,510050,上证50ETF华夏,210.71466800000002,2.699
20230308,510300,沪深300ETF华泰柏瑞,170.950877,4.0313
20230308,510310,沪深300ETF易方达,83.643074,1.9198
20230308,510500,中证500ETF南方,73.557686,6.3211
20230315,510050,上证50ETF华夏,209.652668,2.655
20230315,510300,沪深300ETF华泰柏瑞,170.851877,3.9842
20230315,510310,沪深300ETF易方达,83.823074,1.8975
20230315,510500,中证500ETF南方,71.36168599999999,6.2445
20230322,510050,上证50ETF华夏,203.04666799999998,2.658
20230322,510300,沪深300ETF华泰柏瑞,165.58687700000002,3.9962
20230322,510310,沪深300ETF易方达,83.763074,1.9034
20230322,510500,中证500ETF南方,75.781686,6.2892
20230329,510050,上证50ETF华夏,201.99366799999999,2.642
20230329,510300,沪深300ETF华泰柏瑞,163.075877,4.003
20230329,510310,沪深300ETF易方达,83.503074,1.9066
20230329,510500,中证500ETF南方,73.601686,6.2795
20230412,510050,上证50ETF华夏,206.673668,2.671
20230412,510300,沪深300ETF华泰柏瑞,163.237877,4.0937
20230412,510310,沪深300ETF易方达,82.083074,1.95
20230412,510500,中证500ETF南方,75.065686,6.4625
20230419,510050,上证50ETF华夏,204.297668,2.726
20230419,510300,沪深300ETF华泰柏瑞,160.789877,4.1207
20230419,510310,沪深300ETF易方达,81.723074,1.9631
20230419,510500,中证500ETF南方,72.093686,6.4354
20230426,510050,上证50ETF华夏,200.634668,2.623
20230426,510300,沪深300ETF华泰柏瑞,167.971877,3.9562
20230426,510310,沪深300ETF易方达,82.443074,1.8851
20230426,510500,中证500ETF南方,74.449686,6.1616
20230510,510050,上证50ETF华夏,196.179668,2.678
20230510,510300,沪深300ETF华泰柏瑞,165.19987700000001,3.9931
20230510,510310,沪深300ETF易方达,82.043074,1.9031
20230510,510500,中证500ETF南方,74.153686,6.2001
20230517,510050,上证50ETF华夏,206.889668,2.653
20230517,510300,沪深300ETF华泰柏瑞,172.489877,3.9573
20230517,510310,沪深300ETF易方达,85.143074,1.8862
20230517,510500,中证500ETF南方,75.433686,6.1516
20230524,510050,上证50ETF华夏,196.68366799999998,2.581
20230524,510300,沪深300ETF华泰柏瑞,167.197877,3.8581
20230524,510310,沪深300ETF易方达,87.523074,1.839
20230524,510500,中证500ETF南方,76.869686,6.0444
20230531,510050,上证50ETF华夏,209.175668,2.501
20230531,510300,沪深300ETF华泰柏瑞,173.542877,3.8011
20230531,510310,沪深300ETF易方达,88.883074,1.8121
20230531,510500,中证500ETF南方,76.87368599999999,6.0948
20230607,510050,上证50ETF华夏,213.63066800000001,2.519
20230607,510300,沪深300ETF华泰柏瑞,177.835877,3.7962
20230607,510310,沪深300ETF易方达,92.643074,1.81
20230607,510500,中证500ETF南方,80.113686,6.0355
20230614,510050,上证50ETF华夏,213.594668,2.567
20230614,510300,沪深300ETF华泰柏瑞,180.787877,3.8795
20230614,510310,沪深300ETF易方达,94.763074,1.85
20230614,510500,中证500ETF南方,81.23368599999999,6.1134
20230621,510050,上证50ETF华夏,216.384668,2.554
20230621,510300,沪深300ETF华泰柏瑞,181.408877,3.8898
20230621,510310,沪深300ETF易方达,95.583074,1.855
20230621,510500,中证500ETF南方,81.121686,6.0704
20230628,510050,上证50ETF华夏,225.78066800000002,2.55
20230628,510300,沪深300ETF华泰柏瑞,183.037877,3.8725
20230628,510310,沪深300ETF易方达,97.10307399999999,1.847
20230628,510500,中证500ETF南方,80.74568599999999,6.0233
20230705,510050,上证50ETF华夏,216.897668,2.571
20230705,510300,沪深300ETF华泰柏瑞,186.295877,3.9088
20230705,510310,沪深300ETF易方达,99.323074,1.8646
20230705,510500,中证500ETF南方,76.409686,6.1123
20230712,510050,上证50ETF华夏,217.41066800000002,2.568
20230712,510300,沪深300ETF华泰柏瑞,191.479877,3.8899
20230712,510310,沪深300ETF易方达,102.243074,1.8557
20230712,510500,中证500ETF南方,75.041686,6.0612
20230719,510050,上证50ETF华夏,213.945668,2.589
20230719,510300,沪深300ETF华泰柏瑞,195.358877,3.9139
20230719,510310,沪深300ETF易方达,108.863074,1.8673
20230719,510500,中证500ETF南方,74.417686,6.0956
20230726,510050,上证50ETF华夏,206.547668,2.653
20230726,510300,沪深300ETF华泰柏瑞,202.900877,3.9745
20230726,510310,沪深300ETF易方达,112.183074,1.8965
20230726,510500,中证500ETF南方,78.317686,6.1076
20230802,510050,上证50ETF华夏,219.867668,2.699
20230802,510300,沪深300ETF华泰柏瑞,233.80687700000001,4.0396
20230802,510310,沪深300ETF易方达,129.043074,1.9278
20230802,510500,中证500ETF南方,79.73368599999999,6.1866
20230809,510050,上证50ETF华夏,241.206668,2.707
20230809,510300,沪深300ETF华泰柏瑞,265.531877,4.0382
20230809,510310,沪深300ETF易方达,133.883074,1.9273
20230809,510500,中证500ETF南方,85.845686,6.1323
20230816,510050,上证50ETF华夏,244.860668,2.606
20230816,510300,沪深300ETF华泰柏瑞,276.223877,3.8887
20230816,510310,沪深300ETF易方达,142.983074,1.8558
20230816,510500,中证500ETF南方,87.405686,5.9414
20230823,510050,上证50ETF华夏,244.81566800000002,2.535
20230823,510300,沪深300ETF华泰柏瑞,290.488877,3.7655
20230823,510310,沪深300ETF易方达,148.203074,1.7969
20230823,510500,中证500ETF南方,90.593686,5.735
20230830,510050,上证50ETF华夏,249.25266800000003,2.6
20230830,510300,沪深300ETF华泰柏瑞,315.085877,3.861
20230830,510310,沪深300ETF易方达,159.083074,1.8431
20230830,510500,中证500ETF南方,98.597686,5.8831
20230906,510050,上证50ETF华夏,241.45866800000002,2.638
20230906,510300,沪深300ETF华泰柏瑞,312.097877,3.8852
20230906,510310,沪深300ETF易方达,160.183074,1.8549
20230906,510500,中证500ETF南方,96.993686,5.8991
20230913,510050,上证50ETF华夏,238.677668,2.602
20230913,510300,沪深300ETF华泰柏瑞,310.936877,3.8086
20230913,510310,沪深300ETF易方达,157.463074,1.8183
20230913,510500,中证500ETF南方,90.10568599999999,5.8208
20230920,510050,上证50ETF华夏,235.563668,2.6
20230920,510300,沪深300ETF华泰柏瑞,309.415877,3.778
20230920,510310,沪深300ETF易方达,160.843074,1.8038
20230920,510500,中证500ETF南方,97.093686,5.7556
20230927,510050,上证50ETF华夏,246.219668,2.599
20230927,510300,沪深300ETF华泰柏瑞,315.103877,3.7724
20230927,510310,沪深300ETF易方达,162.543074,1.8013
20230927,510500,中证500ETF南方,100.561686,5.7805
20231011,510050,上证50ETF华夏,251.50266800000003,2.568
20231011,510300,沪深300ETF华泰柏瑞,323.887877,3.7378
20231011,510310,沪深300ETF易方达,163.463074,1.7853
20231011,510500,中证500ETF南方,96.98968599999999,5.7336
20231018,510050,上证50ETF华夏,251.241668,2.543
20231018,510300,沪深300ETF华泰柏瑞,326.227877,3.6798
20231018,510310,沪深300ETF易方达,164.803074,1.7577
20231018,510500,中证500ETF南方,95.441686,5.6254
20231025,510050,上证50ETF华夏,243.600668,2.463
20231025,510300,沪深300ETF华泰柏瑞,332.716877,3.5735
20231025,510310,沪深300ETF易方达,193.92307399999999,1.7071
20231025,510500,中证500ETF南方,89.441686,5.4728
20231101,510050,上证50ETF华夏,238.587668,2.498
20231101,510300,沪深300ETF华泰柏瑞,332.617877,3.6411
20231101,510310,沪深300ETF易方达,211.06307400000003,1.7395
20231101,510500,中证500ETF南方,85.593686,5.6091
20231108,510050,上证50ETF华夏,245.18466800000002,2.514
20231108,510300,沪深300ETF华泰柏瑞,335.686877,3.6811
20231108,510310,沪深300ETF易方达,216.04307400000002,1.7589
20231108,510500,中证500ETF南方,83.725686,5.709
20231115,510050,上证50ETF华夏,257.94666800000005,2.503
20231115,510300,沪深300ETF华泰柏瑞,332.752877,3.6767
20231115,510310,沪深300ETF易方达,216.74307400000004,1.7571
20231115,510500,中证500ETF南方,79.509686,5.765
20231122,510050,上证50ETF华夏,276.594668,2.472
20231122,510300,沪深300ETF华泰柏瑞,325.795877,3.613
20231122,510310,沪深300ETF易方达,222.98307400000002,1.7268
20231122,510500,中证500ETF南方,79.00168599999999,5.6703
20231129,510050,上证50ETF华夏,288.366668,2.393
20231129,510300,沪深300ETF华泰柏瑞,321.124877,3.5556
20231129,510310,沪深300ETF易方达,222.88307400000002,1.6995
20231129,510500,中证500ETF南方,75.449686,5.6509
20231206,510050,上证50ETF华夏,299.589668,2.317
20231206,510300,沪深300ETF华泰柏瑞,314.743877,3.4647
20231206,510310,沪深300ETF易方达,231.16307400000002,1.6564
20231206,510500,中证500ETF南方,75.677686,5.5792
20231213,510050,上证50ETF华夏,315.303668,2.292
20231213,510300,沪深300ETF华泰柏瑞,310.369877,3.4359
20231213,510310,沪深300ETF易方达,234.88307400000002,1.6428
20231213,510500,中证500ETF南方,78.997686,5.6031
20231220,510050,上证50ETF华夏,321.22566800000004,2.274
20231220,510300,沪深300ETF华泰柏瑞,324.283877,3.3654
20231220,510310,沪深300ETF易方达,243.10307400000002,1.6092
20231220,510500,中证500ETF南方,80.973686,5.4032
20231227,510050,上证50ETF华夏,336.048668,2.304
20231227,510300,沪深300ETF华泰柏瑞,345.064877,3.4047
20231227,510310,沪深300ETF易方达,269.30307400000004,1.6281
20231227,510500,中证500ETF南方,83.37368599999999,5.3777
20240103,510050,上证50ETF华夏,338.262668,2.332
20240103,510300,沪深300ETF华泰柏瑞,373.144877,3.447
20240103,510310,沪深300ETF易方达,283.74307400000004,1.6484
20240103,510500,中证500ETF南方,82.309686,5.495
20240110,510050,上证50ETF华夏,337.686668,2.271
20240110,510300,沪深300ETF华泰柏瑞,357.421877,3.3436
20240110,510310,沪深300ETF易方达,306.06307400000003,1.5991
20240110,510500,中证500ETF南方,80.017686,5.2465
20240117,510050,上证50ETF华夏,337.650668,2.2342
20240117,510300,沪深300ETF华泰柏瑞,361.462877,3.2948
20240117,510310,沪深300ETF易方达,348.703074,1.5756
20240117,510500,中证500ETF南方,79.393686,5.1475
20240124,510050,上证50ETF华夏,395.01666800000004,2.2957
20240124,510300,沪深300ETF华泰柏瑞,445.45087699999993,3.2729
20240124,510310,沪深300ETF易方达,480.74307400000004,1.5987
20240124,510500,中证500ETF南方,80.881686,5.0149
20240131,510050,上证50ETF华夏,419.244668,2.289
20240131,510300,沪深300ETF华泰柏瑞,469.26487699999996,3.2121
20240131,510310,沪深300ETF易方达,533.243074,1.5687
20240131,510500,中证500ETF南方,82.01368599999999,4.7766
20240207,510050,上证50ETF华夏,442.22166799999997,2.3795
20240207,510300,沪深300ETF华泰柏瑞,518.152877,3.3386
20240207,510310,沪深300ETF易方达,635.963074,1.6309
20240207,510500,中证500ETF南方,127.66568600000001,5.1926
20240221,510050,上证50ETF华夏,463.083668,2.4464
20240221,510300,沪深300ETF华泰柏瑞,531.3918769999999,3.4511
20240221,510310,沪深300ETF易方达,671.1430740000001,1.686
20240221,510500,中证500ETF南方,136.645686,5.2234
20240228,510050,上证50ETF华夏,460.050668,2.4212
20240228,510300,沪深300ETF华泰柏瑞,529.906877,3.4441
20240228,510310,沪深300ETF易方达,678.343074,1.6827
20240228,510500,中证500ETF南方,138.113686,5.2695
20240306,510050,上证50ETF华夏,458.826668,2.4699
20240306,510300,沪深300ETF华泰柏瑞,551.173877,3.5436
20240306,510310,沪深300ETF易方达,746.043074,1.7316
20240306,510500,中证500ETF南方,147.50968600000002,5.4366
20240313,510050,上证50ETF华夏,464.037668,2.463
20240313,510300,沪深300ETF华泰柏瑞,558.6798769999999,3.5644
20240313,510310,沪深300ETF易方达,756.2630740000001,1.7419
20240313,510500,中证500ETF南方,149.529686,5.5014
20240320,510050,上证50ETF华夏,460.22166799999997,2.4616
20240320,510300,沪深300ETF华泰柏瑞,551.767877,3.5768
20240320,510310,沪深300ETF易方达,764.103074,1.7481
20240320,510500,中证500ETF南方,146.95768600000002,5.5803
20240327,510050,上证50ETF华夏,464.43366799999995,2.4335
20240327,510300,沪深300ETF华泰柏瑞,554.152877,3.4944
20240327,510310,沪深300ETF易方达,782.3830740000001,1.7079
20240327,510500,中证500ETF南方,147.26568600000002,5.2393
20240403,510050,上证50ETF华夏,464.09166799999997,2.4648
20240403,510300,沪深300ETF华泰柏瑞,556.6368769999999,3.5589
20240403,510310,沪深300ETF易方达,781.423074,1.7395
20240403,510500,中证500ETF南方,142.381686,5.46
20240410,510050,上证50ETF华夏,461.247668,2.4306
20240410,510300,沪深300ETF华泰柏瑞,554.503877,3.4956
20240410,510310,沪深300ETF易方达,780.223074,1.7088
20240410,510500,中证500ETF南方,138.75368600000002,5.3581
20240417,510050,上证50ETF华夏,457.92666799999995,2.4739
20240417,510300,沪深300ETF华泰柏瑞,552.8478769999999,3.5552
20240417,510310,沪深300ETF易方达,778.443074,1.7381
20240417,510500,中证500ETF南方,139.693686,5.4238
20240424,510050,上证50ETF华夏,456.62166799999994,2.4589
20240424,510300,沪深300ETF华泰柏瑞,561.460877,3.5126
20240424,510310,沪深300ETF易方达,784.723074,1.7173
20240424,510500,中证500ETF南方,138.097686,5.3463
20240508,510050,上证50ETF华夏,455.001668,2.5212
20240508,510300,沪深300ETF华泰柏瑞,570.649877,3.6229
20240508,510310,沪深300ETF易方达,788.963074,1.7715
20240508,510500,中证500ETF南方,145.21368600000002,5.5452
20240515,510050,上证50ETF华夏,442.87866799999995,2.512
20240515,510300,沪深300ETF华泰柏瑞,561.109877,3.6224
20240515,510310,沪深300ETF易方达,781.723074,1.7713
20240515,510500,中证500ETF南方,138.477686,5.5365
20240522,510050,上证50ETF华夏,441.30366799999996,2.5641
20240522,510300,沪深300ETF华泰柏瑞,555.2328769999999,3.6819
20240522,510310,沪深300ETF易方达,778.5230740000001,1.8007
20240522,510500,中证500ETF南方,137.817686,5.4811
20240529,510050,上证50ETF华夏,450.59166799999997,2.5274
20240529,510300,沪深300ETF华泰柏瑞,556.5738769999999,3.6123
20240529,510310,沪深300ETF易方达,777.563074,1.7668
20240529,510500,中证500ETF南方,134.669686,5.3478
20240605,510050,上证50ETF华夏,456.783668,2.5047
20240605,510300,沪深300ETF华泰柏瑞,557.0058769999999,3.5963
20240605,510310,沪深300ETF易方达,771.983074,1.759
20240605,510500,中证500ETF南方,134.113686,5.3085
20240612,510050,上证50ETF华夏,466.79166799999996,2.4635
20240612,510300,沪深300ETF华泰柏瑞,564.0978769999999,3.5504
20240612,510310,沪深300ETF易方达,773.543074,1.7364
20240612,510500,中证500ETF南方,134.541686,5.2756
20240619,510050,上证50ETF华夏,474.612668,2.4581
20240619,510300,沪深300ETF华泰柏瑞,563.422877,3.5456
20240619,510310,沪深300ETF易方达,774.623074,1.7337
20240619,510500,中证500ETF南方,137.721686,5.2197
20240626,510050,上证50ETF华夏,464.12766799999997,2.4421
20240626,510300,沪深300ETF华泰柏瑞,597.388877,3.5011
20240626,510310,沪深300ETF易方达,806.943074,1.712
20240626,510500,中证500ETF南方,145.233686,5.0767
20240703,510050,上证50ETF华夏,455.136668,2.4622
20240703,510300,沪深300ETF华泰柏瑞,606.190877,3.4897
20240703,510310,沪深300ETF易方达,819.463074,1.7063
20240703,510500,中证500ETF南方,145.513686,4.9704
20240710,510050,上证50ETF华夏,458.24166799999995,2.4409
20240710,510300,沪深300ETF华泰柏瑞,629.8248769999999,3.4652
20240710,510310,沪深300ETF易方达,851.1430740000001,1.6946
20240710,510500,中证500ETF南方,150.597686,4.9103
20240717,510050,上证50ETF华夏,449.646668,2.5119
20240717,510300,沪深300ETF华泰柏瑞,655.186877,3.5553
20240717,510310,沪深300ETF易方达,902.743074,1.7392
20240717,510500,中证500ETF南方,157.86168600000002,4.9281
20240724,510050,上证50ETF华夏,484.54866799999996,2.4726
20240724,510300,沪深300ETF华泰柏瑞,714.865877,3.4761
20240724,510310,沪深300ETF易方达,977.303074,1.7005
20240724,510500,中证500ETF南方,167.845686,4.738
20240731,510050,上证50ETF华夏,505.311668,2.4641
20240731,510300,沪深300ETF华泰柏瑞,752.854877,3.5054
20240731,510310,沪深300ETF易方达,1016.7630740000001,1.7152
20240731,510500,中证500ETF南方,171.869686,4.9636
20240807,510050,上证50ETF华夏,523.995668,2.4005
20240807,510300,沪深300ETF华泰柏瑞,769.441877,3.4029
20240807,510310,沪深300ETF易方达,1039.103074,1.6652
20240807,510500,中证500ETF南方,171.145686,4.8268
20240814,510050,上证50ETF华夏,525.2646679999999,2.3924
20240814,510300,沪深300ETF华泰柏瑞,774.094877,3.3722
20240814,510310,沪深300ETF易方达,1041.8230740000001,1.6501
20240814,510500,中证500ETF南方,170.80168600000002,4.7413
20240821,510050,上证50ETF华夏,531.717668,2.4279
20240821,510300,沪深300ETF华泰柏瑞,801.1758769999999,3.3871
20240821,510310,沪深300ETF易方达,1099.8430740000001,1.6574
20240821,510500,中证500ETF南方,178.12968600000002,4.6609
20240828,510050,上证50ETF华夏,538.575668,2.426
20240828,510300,沪深300ETF华泰柏瑞,837.6168769999999,3.3555
20240828,510310,沪深300ETF易方达,1159.043074,1.6417
20240828,510500,中证500ETF南方,182.329686,4.5721
20240904,510050,上证50ETF华夏,547.746668,2.3599
20240904,510300,沪深300ETF华泰柏瑞,853.8618769999999,3.3206
20240904,510310,沪深300ETF易方达,1184.723074,1.6247
20240904,510500,中证500ETF南方,183.81368600000002,4.6552
20240911,510050,上证50ETF华夏,551.6436679999999,2.3079
20240911,510300,沪深300ETF华泰柏瑞,869.863877,3.2543
20240911,510310,沪深300ETF易方达,1208.3430740000001,1.5924
20240911,510500,中证500ETF南方,183.633686,4.5877
20240918,510050,上证50ETF华夏,550.779668,2.3062
20240918,510300,沪深300ETF华泰柏瑞,877.081877,3.2391
20240918,510310,沪深300ETF易方达,1216.803074,1.585
20240918,510500,中证500ETF南方,183.96168600000001,4.5346
20240925,510050,上证50ETF华夏,545.640668,2.481
20240925,510300,沪深300ETF华泰柏瑞,919.5978769999999,3.4747
20240925,510310,沪深300ETF易方达,636.4414400000001,3.4026
20240925,510500,中证500ETF南方,191.285686,4.8095
20241009,510050,上证50ETF华夏,577.806668,2.7862
20241009,510300,沪深300ETF华泰柏瑞,997.0158769999999,4.0374
20241009,510310,沪深300ETF易方达,657.8254400000001,3.957
20241009,510500,中证500ETF南方,209.84168599999998,5.8294
20241016,510050,上证50ETF华夏,570.6876679999999,2.7545
20241016,510300,沪深300ETF华泰柏瑞,1000.4448769999999,3.9108
20241016,510310,沪深300ETF易方达,661.93844,3.8329
20241016,510500,中证500ETF南方,201.353686,5.5506
20241023,510050,上证50ETF华夏,560.931668,2.8183
20241023,510300,沪深300ETF华泰柏瑞,965.5158769999999,4.0576
20241023,510310,沪深300ETF易方达,658.42844,3.8946
20241023,510500,中证500ETF南方,199.085686,5.8721
20241030,510050,上证50ETF华夏,561.660668,2.7426
20241030,510300,沪深300ETF华泰柏瑞,952.6278769999999,3.9724
20241030,510310,沪深300ETF易方达,654.5134400000001,3.8132
20241030,510500,中证500ETF南方,189.70168600000002,5.9341
20241106,510050,上证50ETF华夏,572.631668,2.8169
20241106,510300,沪深300ETF华泰柏瑞,952.591877,4.1098
20241106,510310,沪深300ETF易方达,649.36544,3.9461
20241106,510500,中证500ETF南方,188.02168600000002,6.2253
20241113,510050,上证50ETF华夏,576.204668,2.8392
20241113,510300,沪深300ETF华泰柏瑞,928.7238769999999,4.1986
20241113,510310,沪深300ETF易方达,642.9214400000001,4.0323
20241113,510500,中证500ETF南方,180.31368600000002,6.3602
20241120,510050,上证50ETF华夏,576.906668,2.7845
20241120,510300,沪深300ETF华泰柏瑞,914.575877,4.0711
20241120,510310,沪深300ETF易方达,639.51944,3.9098
20241120,510500,中证500ETF南方,178.001686,6.0888
20241127,510050,上证50ETF华夏,574.6296679999999,2.7318
20241127,510300,沪深300ETF华泰柏瑞,903.091877,3.9911
20241127,510310,沪深300ETF易方达,638.04344,3.8328
20241127,510500,中证500ETF南方,179.065686,5.898
20241204,510050,上证50ETF华夏,561.165668,2.7004
20241204,510300,沪深300ETF华泰柏瑞,896.7378769999999,4.0159
20241204,510310,沪深300ETF易方达,636.83744,3.8566
20241204,510500,中证500ETF南方,178.065686,5.9739
20241211,510050,上证50ETF华夏,568.212668,2.7281
20241211,510300,沪深300ETF华泰柏瑞,914.4048769999999,4.075
20241211,510310,沪深300ETF易方达,642.05744,3.9139
20241211,510500,中证500ETF南方,182.76568600000002,6.1452
20241218,510050,上证50ETF华夏,562.857668,2.7186
20241218,510300,沪深300ETF华泰柏瑞,910.192877,4.0265
20241218,510310,沪深300ETF易方达,639.59144,3.8675
20241218,510500,中证500ETF南方,183.505686,5.9816
20241225,510050,上证50ETF华夏,552.3456679999999,2.7641
20241225,510300,沪深300ETF华泰柏瑞,901.768877,4.0745
20241225,510310,沪深300ETF易方达,642.2914400000001,3.9136
20241225,510500,中证500ETF南方,180.089686,5.9329
20250107,510050,上证50ETF华夏,556.521668,2.6471
20250107,510300,沪深300ETF华泰柏瑞,905.944877,3.882
20250107,510310,沪深300ETF易方达,641.64344,3.7288
20250107,510500,中证500ETF南方,175.70168600000002,5.5709
20250108,510050,上证50ETF华夏,555.342668,2.6525
20250108,510300,沪深300ETF华泰柏瑞,905.6838769999999,3.8762
20250108,510310,沪深300ETF易方达,642.39044,3.7231
20250108,510500,中证500ETF南方,174.917686,5.548
20250110,510050,上证50ETF华夏,554.7306679999999,2.6145
20250110,510300,沪深300ETF华泰柏瑞,904.846877,3.8195
20250110,510310,沪深300ETF易方达,642.80444,3.6685
20250110,510500,中证500ETF南方,174.109686,5.4545
20250113,510050,上证50ETF华夏,557.8356679999999,2.6073
20250113,510300,沪深300ETF华泰柏瑞,910.084877,3.809
20250113,510310,沪深300ETF易方达,643.9024400000001,3.6585
20250113,510500,中证500ETF南方,175.993686,5.4664
20250115,510050,上证50ETF华夏,553.371668,2.6463
20250115,510300,沪深300ETF华泰柏瑞,910.624877,3.8841
20250115,510310,沪深300ETF易方达,646.14344,3.7307
20250115,510500,中证500ETF南方,176.077686,5.6095
20250116,510050,上证50ETF华夏,551.058668,2.6346
20250116,510300,沪深300ETF华泰柏瑞,909.580877,3.8883
20250116,510310,沪深300ETF易方达,645.5314400000001,3.735
20250116,510500,中证500ETF南方,176.237686,5.5413
20250122,510050,上证50ETF华夏,549.8796679999999,2.6051
20250122,510300,沪深300ETF华泰柏瑞,905.170877,3.8857
20250122,510310,沪深300ETF易方达,643.79444,3.7326
20250122,510500,中证500ETF南方,175.45768600000002,5.6039
20250205,510050,上证50ETF华夏,547.179668,2.6194
20250205,510300,沪深300ETF华泰柏瑞,902.263877,3.8878
20250205,510310,沪深300ETF易方达,642.40844,3.7344
20250205,510500,中证500ETF南方,176.161686,5.6117
20250206,510050,上证50ETF华夏,551.2836679999999,2.6383
20250206,510300,沪深300ETF华泰柏瑞,909.949877,3.9365
20250206,510310,沪深300ETF易方达,642.86744,3.7814
20250206,510500,中证500ETF南方,177.609686,5.7454
20250212,510050,上证50ETF华夏,547.7646679999999,2.6991
20250212,510300,沪深300ETF华泰柏瑞,896.710877,4.0151
20250212,510310,沪深300ETF易方达,638.17844,3.857
20250212,510500,中证500ETF南方,174.65368600000002,5.9375
20250218,510050,上证50ETF华夏,540.159668,2.7103
20250218,510300,沪深300ETF华泰柏瑞,888.007877,4.0077
20250218,510310,沪深300ETF易方达,636.18944,3.85
20250218,510500,中证500ETF南方,172.261686,5.838
20250219,510050,上证50ETF华夏,540.762668,2.723
20250219,510300,沪深300ETF华泰柏瑞,890.437877,4.0355
20250219,510310,沪深300ETF易方达,637.05344,3.8768
20250219,510500,中证500ETF南方,171.97368600000001,5.9409
20250221,510050,上证50ETF华夏,542.049668,2.7421
20250221,510300,沪深300ETF华泰柏瑞,887.2428769999999,4.0748
20250221,510310,沪深300ETF易方达,636.27044,3.9144
20250221,510500,中证500ETF南方,170.505686,6.0545
20250224,510050,上证50ETF华夏,536.253668,2.7336
20250224,510300,沪深300ETF华泰柏瑞,879.5208769999999,4.0658
20250224,510310,沪深300ETF易方达,633.7144400000001,3.9057
20250224,510500,中证500ETF南方,168.085686,6.0414
20250226,510050,上证50ETF华夏,530.997668,2.726
20250226,510300,沪深300ETF华泰柏瑞,873.8778769999999,4.0558
20250226,510310,沪深300ETF易方达,630.73544,3.8961
20250226,510500,中证500ETF南方,165.61768600000002,6.0475
20250227,510050,上证50ETF华夏,532.473668,2.7387
20250227,510300,沪深300ETF华泰柏瑞,870.538877,4.0642
20250227,510310,沪深300ETF易方达,627.89144,3.9041
20250227,510500,中证500ETF南方,164.817686,6.0243
20250305,510050,上证50ETF华夏,527.3796679999999,2.7001
20250305,510300,沪深300ETF华泰柏瑞,863.2758769999999,3.9983
20250305,510310,沪深300ETF易方达,620.94344,3.8409
20250305,510500,中证500ETF南方,163.037686,5.9463
20250311,510050,上证50ETF华夏,525.183668,2.7416
20250311,510300,沪深300ETF华泰柏瑞,854.365877,4.0378
20250311,510310,沪深300ETF易方达,619.87244,3.8789
20250311,510500,中证500ETF南方,162.413686,6.04
20250312,510050,上证50ETF华夏,525.2736679999999,2.7282
20250312,510300,沪深300ETF华泰柏瑞,854.572877,4.0235
20250312,510310,沪深300ETF易方达,619.04444,3.865
20250312,510500,中证500ETF南方,162.54568600000002,6.0362
20250314,510050,上证50ETF华夏,531.096668,2.8013
20250314,510300,沪深300ETF华泰柏瑞,856.192877,4.1046
20250314,510310,沪深300ETF易方达,619.25144,3.9431
20250314,510500,中证500ETF南方,165.609686,6.0961
20250317,510050,上证50ETF华夏,529.881668,2.7986
20250317,510300,沪深300ETF华泰柏瑞,856.6518769999999,4.0945
20250317,510310,沪深300ETF易方达,617.3344400000001,3.9334
20250317,510500,中证500ETF南方,162.77768600000002,6.104
20250319,510050,上证50ETF华夏,532.005668,2.8079
20250319,510300,沪深300ETF华泰柏瑞,854.806877,4.108
20250319,510310,沪深300ETF易方达,614.3104400000001,3.9465
20250319,510500,中证500ETF南方,162.737686,6.0972
20250320,510050,上证50ETF华夏,533.166668,2.7784
20250320,510300,沪深300ETF华泰柏瑞,853.2768769999999,4.072
20250320,510310,沪深300ETF易方达,613.9414400000001,3.9119
20250320,510500,中证500ETF南方,162.357686,6.0555
20250326,510050,上证50ETF华夏,533.5626679999999,2.7366
20250326,510300,沪深300ETF华泰柏瑞,851.9538769999999,4.015
20250326,510310,沪深300ETF易方达,612.36644,3.857
20250326,510500,中证500ETF南方,162.381686,5.9449
20250401,510050,上证50ETF华夏,536.289668,2.7216
20250401,510300,沪深300ETF华泰柏瑞,852.0978769999999,3.9828
20250401,510310,沪深300ETF易方达,610.83644,3.8262
20250401,510500,中证500ETF南方,161.71368600000002,5.8894
20250402,510050,上证50ETF华夏,536.901668,2.7174
20250402,510300,沪深300ETF华泰柏瑞,853.060877,3.9794
20250402,510310,沪深300ETF易方达,610.88144,3.8229
20250402,510500,中证500ETF南方,162.393686,5.8959
20250407,510050,上证50ETF华夏,546.5046679999999,2.5717
20250407,510300,沪深300ETF华泰柏瑞,903.136877,3.6767
20250407,510310,沪深300ETF易方达,635.9644400000001,3.5321
20250407,510500,中证500ETF南方,162.64168600000002,5.2832
20250409,510050,上证50ETF华夏,574.728668,2.6542
20250409,510300,沪深300ETF华泰柏瑞,952.330877,3.7765
20250409,510310,沪深300ETF易方达,679.6144400000001,3.6279
20250409,510500,中证500ETF南方,190.297686,5.4346
20250410,510050,上证50ETF华夏,572.910668,2.67
20250410,510300,沪深300ETF华泰柏瑞,948.145877,3.826
20250410,510310,沪深300ETF易方达,680.85644,3.6754
20250410,510500,中证500ETF南方,189.825686,5.5392
20250416,510050,上证50ETF华夏,594.717668,2.7167
20250416,510300,沪深300ETF华泰柏瑞,960.430877,3.8647
20250416,510310,沪深300ETF易方达,691.7104400000001,3.7128
20250416,510500,中证500ETF南方,194.445686,5.5504
20250422,510050,上证50ETF华夏,607.767668,2.7166
20250422,510300,沪深300ETF华泰柏瑞,971.212877,3.8798
20250422,510310,沪深300ETF易方达,699.47744,3.7272
20250422,510500,中证500ETF南方,194.441686,5.62
20250423,510050,上证50ETF华夏,606.426668,2.7087
20250423,510300,沪深300ETF华泰柏瑞,969.475877,3.8827
20250423,510310,沪深300ETF易方达,699.3154400000001,3.73
20250423,510500,中证500ETF南方,195.073686,5.6306
20250425,510050,上证50ETF华夏,602.277668,2.7095
20250425,510300,沪深300ETF华泰柏瑞,968.872877,3.8834
20250425,510310,沪深300ETF易方达,698.63144,3.7306
20250425,510500,中证500ETF南方,194.949686,5.6237
20250428,510050,上证50ETF华夏,599.4606679999999,2.7119
20250428,510300,沪深300ETF华泰柏瑞,965.821877,3.8778
20250428,510310,沪深300ETF易方达,697.54244,3.7253
20250428,510500,中证500ETF南方,195.017686,5.5948
20250430,510050,上证50ETF华夏,602.043668,2.6938
20250430,510300,沪深300ETF华泰柏瑞,964.561877,3.8674
20250430,510310,沪深300ETF易方达,696.9844400000001,3.6963
20250430,510500,中证500ETF南方,194.005686,5.6288
20250507,510050,上证50ETF华夏,597.7596679999999,2.732
20250507,510300,沪深300ETF华泰柏瑞,960.421877,3.9295
20250507,510310,沪深300ETF易方达,695.77844,3.756
20250507,510500,中证500ETF南方,193.989686,5.7467
20250513,510050,上证50ETF华夏,600.477668,2.7705
20250513,510300,沪深300ETF华泰柏瑞,954.337877,3.997
20250513,510310,沪深300ETF易方达,693.6904400000001,3.8207
20250513,510500,中证500ETF南方,192.613686,5.7795
20250514,510050,上证50ETF华夏,600.396668,2.8172
20250514,510300,沪深300ETF华泰柏瑞,956.2278769999999,4.0455
20250514,510310,沪深300ETF易方达,693.78944,3.8671
20250514,510500,中证500ETF南方,193.61768600000002,5.798
20250516,510050,上证50ETF华夏,593.592668,2.7792
20250516,510300,沪深300ETF华泰柏瑞,952.330877,3.9909
20250516,510310,沪深300ETF易方达,691.5844400000001,3.8148
20250516,510500,中证500ETF南方,192.777686,5.7153
20250519,510050,上证50ETF华夏,591.837668,2.7674
20250519,510300,沪深300ETF华泰柏瑞,951.745877,3.9788
20250519,510310,沪深300ETF易方达,691.42244,3.8032
20250519,510500,中证500ETF南方,192.237686,5.7207
20250521,510050,上证50ETF华夏,592.170668,2.7924
20250521,510300,沪深300ETF华泰柏瑞,950.368877,4.0206
20250521,510310,沪深300ETF易方达,691.33244,3.8433
20250521,510500,中证500ETF南方,192.00968600000002,5.7583
20250522,510050,上证50ETF华夏,592.170668,2.7977
20250522,510300,沪深300ETF华泰柏瑞,949.297877,4.0182
20250522,510310,沪深300ETF易方达,691.52144,3.8409
20250522,510500,中证500ETF南方,191.793686,5.7066
20250528,510050,上证50ETF华夏,594.429668,2.7462
20250528,510300,沪深300ETF华泰柏瑞,953.149877,3.9397
20250528,510310,沪深300ETF易方达,691.5844400000001,3.7657
20250528,510500,中证500ETF南方,191.913686,5.6456
20250603,510050,上证50ETF华夏,594.2406679999999,2.7509
20250603,510300,沪深300ETF华泰柏瑞,956.110877,3.9566
20250603,510310,沪深300ETF易方达,691.80944,3.7819
20250603,510500,中证500ETF南方,193.153686,5.709
20250604,510050,上证50ETF华夏,595.3746679999999,2.7545
20250604,510300,沪深300ETF华泰柏瑞,955.5348769999999,3.9736
20250604,510310,沪深300ETF易方达,691.5664400000001,3.7983
20250604,510500,中证500ETF南方,193.14168600000002,5.7546
20250606,510050,上证50ETF华夏,594.3126679999999,2.7565
20250606,510300,沪深300ETF华泰柏瑞,953.284877,3.9822
20250606,510310,沪深300ETF易方达,690.36044,3.8064
20250606,510500,中证500ETF南方,192.765686,5.7847
20250609,510050,上证50ETF华夏,599.694668,2.755
20250609,510300,沪深300ETF华泰柏瑞,954.823877,3.994
20250609,510310,沪深300ETF易方达,690.7384400000001,3.8177
20250609,510500,中证500ETF南方,193.317686,5.8295
20250611,510050,上证50ETF华夏,595.176668,2.7615
20250611,510300,沪深300ETF华泰柏瑞,954.661877,4.0048
20250611,510310,沪深300ETF易方达,690.2344400000001,3.8283
20250611,510500,中证500ETF南方,193.001686,5.8177
20250612,510050,上证50ETF华夏,594.5286679999999,2.7602
20250612,510300,沪深300ETF华泰柏瑞,951.799877,4.0069
20250612,510310,沪深300ETF易方达,689.1814400000001,3.8304
20250612,510500,中证500ETF南方,192.845686,5.8242
20250618,510050,上证50ETF华夏,596.319668,2.7495
20250618,510300,沪深300ETF华泰柏瑞,953.365877,3.9043
20250618,510310,沪深300ETF易方达,688.5604400000001,3.8164
20250618,510500,中证500ETF南方,192.561686,5.7807
20250624,510050,上证50ETF华夏,599.856668,2.7929
20250624,510300,沪深300ETF华泰柏瑞,957.316877,3.9382
20250624,510310,沪深300ETF易方达,689.17244,3.85
20250624,510500,中证500ETF南方,194.529686,5.8087
20250625,510050,上证50ETF华夏,596.9946679999999,2.8302
20250625,510300,沪深300ETF华泰柏瑞,953.6898769999999,3.9979
20250625,510310,沪深300ETF易方达,688.32644,3.9083
20250625,510500,中证500ETF南方,193.33768600000002,5.9077
20250627,510050,上证50ETF华夏,594.798668,2.796
20250627,510300,沪深300ETF华泰柏瑞,947.164877,3.9663
20250627,510310,沪深300ETF易方达,685.15844,3.8773
20250627,510500,中证500ETF南方,191.373686,5.9136
20250630,510050,上证50ETF华夏,589.524668,2.8064
20250630,510300,沪深300ETF华泰柏瑞,940.423877,3.9844
20250630,510310,沪深300ETF易方达,682.68344,3.895
20250630,510500,中证500ETF南方,190.121686,5.9666
20250702,510050,上证50ETF华夏,584.520668,2.8173
20250702,510300,沪深300ETF华泰柏瑞,935.230877,3.9919
20250702,510310,沪深300ETF易方达,682.26944,3.9025
20250702,510500,中证500ETF南方,189.449686,5.9441
20250703,510050,上证50ETF华夏,584.9706679999999,2.8194
20250703,510300,沪深300ETF华泰柏瑞,933.052877,4.0171
20250703,510310,沪深300ETF易方达,682.0264400000001,3.9271
20250703,510500,中证500ETF南方,189.249686,5.9742
20250709,510050,上证50ETF华夏,586.383668,2.8385
20250709,510300,沪深300ETF华泰柏瑞,930.505877,4.0432
20250709,510310,沪深300ETF易方达,680.64044,3.9527
20250709,510500,中证500ETF南方,189.421686,6.0108
20250715,510050,上证50ETF华夏,583.080668,2.8576
20250715,510300,沪深300ETF华泰柏瑞,926.266877,4.0814
20250715,510310,沪深300ETF易方达,678.12044,3.99
20250715,510500,中证500ETF南方,189.029686,6.0807
20250716,510050,上证50ETF华夏,583.476668,2.851
20250716,510300,沪深300ETF华泰柏瑞,925.6368769999999,4.0713
20250716,510310,沪深300ETF易方达,678.03044,3.9801
20250716,510500,中证500ETF南方,188.869686,6.0802
20250718,510050,上证50ETF华夏,583.584668,2.8836
20250718,510300,沪深300ETF华泰柏瑞,924.529877,4.1307
20250718,510310,沪深300ETF易方达,676.37444,4.0383
20250718,510500,中证500ETF南方,189.533686,6.1651
20250721,510050,上证50ETF华夏,583.377668,2.8917
20250721,510300,沪深300ETF华泰柏瑞,924.043877,4.1585
20250721,510310,沪深300ETF易方达,676.96844,4.0655
20250721,510500,中证500ETF南方,189.633686,6.2278
20250723,510050,上证50ETF华夏,580.6056679999999,2.9219
20250723,510300,沪深300ETF华泰柏瑞,924.2328769999999,4.1942
20250723,510310,沪深300ETF易方达,677.1574400000001,4.1004
20250723,510500,中证500ETF南方,190.649686,6.2648
20250724,510050,上证50ETF华夏,582.342668,2.9336
20250724,510300,沪深300ETF华泰柏瑞,927.256877,4.2243
20250724,510310,沪深300ETF易方达,677.4544400000001,4.1297
20250724,510500,中证500ETF南方,191.521686,6.3628
20250730,510050,上证50ETF华夏,577.545668,2.9428
20250730,510300,沪深300ETF华泰柏瑞,918.454877,4.2301
20250730,510310,沪深300ETF易方达,674.0614400000001,4.1357
20250730,510500,中证500ETF南方,186.825686,6.3861
20250805,510050,上证50ETF华夏,577.3746679999999,2.9129
20250805,510300,沪深300ETF华泰柏瑞,915.250877,4.1824
20250805,510310,沪深300ETF易方达,672.9454400000001,4.0478
20250805,510500,中证500ETF南方,185.229686,6.3754
20250806,510050,上证50ETF华夏,576.7356679999999,2.9199
20250806,510300,沪深300ETF华泰柏瑞,916.132877,4.1927
20250806,510310,沪深300ETF易方达,673.17044,4.0578
20250806,510500,中证500ETF南方,186.029686,6.431
20250808,510050,上证50ETF华夏,574.737668,2.9116
20250808,510300,沪深300ETF华泰柏瑞,913.153877,4.1854
20250808,510310,沪深300ETF易方达,671.65844,4.0509
20250808,510500,中证500ETF南方,185.097686,6.398
20250811,510050,上证50ETF华夏,581.289668,2.9124
20250811,510300,沪深300ETF华泰柏瑞,914.089877,4.2033
20250811,510310,沪深300ETF易方达,671.87444,4.0681
20250811,510500,中证500ETF南方,185.465686,6.4675
20250813,510050,上证50ETF华夏,583.944668,2.9365
20250813,510300,沪深300ETF华泰柏瑞,915.5028769999999,4.2588
20250813,510310,沪深300ETF易方达,672.76544,4.1212
20250813,510500,中证500ETF南方,185.82568600000002,6.5866
20250814,510050,上证50ETF华夏,580.731668,2.9546
20250814,510300,沪深300ETF华泰柏瑞,914.098877,4.2563
20250814,510310,沪深300ETF易方达,672.4594400000001,4.1188
20250814,510500,中证500ETF南方,185.869686,6.5086
20250820,510050,上证50ETF华夏,594.9516679999999,2.9729
20250820,510300,沪深300ETF华泰柏瑞,910.354877,4.3578
20250820,510310,沪深300ETF易方达,671.1184400000001,4.2174
20250820,510500,中证500ETF南方,185.161686,6.8114
20250826,510050,上证50ETF华夏,597.3366679999999,3.1023
20250826,510300,沪深300ETF华泰柏瑞,918.103877,4.5446
20250826,510310,沪深300ETF易方达,673.17944,4.3973
20250826,510500,中证500ETF南方,188.621686,7.0527
20250827,510050,上证50ETF华夏,597.966668,3.049
20250827,510300,沪深300ETF华泰柏瑞,915.6468769999999,4.4774
20250827,510310,沪深300ETF易方达,672.90044,4.3319
20250827,510500,中证500ETF南方,188.149686,6.9513
20250829,510050,上证50ETF华夏,587.7156679999999,3.1092
20250829,510300,沪深300ETF华泰柏瑞,913.981877,4.5918
20250829,510310,沪深300ETF易方达,673.90844,4.4425
20250829,510500,中证500ETF南方,186.721686,7.1305
20250901,510050,上证50ETF华夏,583.458668,3.1148
20250901,510300,沪深300ETF华泰柏瑞,908.851877,4.6194
20250901,510310,沪深300ETF易方达,673.04444,4.4691
20250901,510500,中证500ETF南方,186.565686,7.1967
20250903,510050,上证50ETF华夏,581.253668,3.0931
20250903,510300,沪深300ETF华泰柏瑞,903.937877,4.5538
20250903,510310,沪深300ETF易方达,672.84644,4.4061
20250903,510500,中证500ETF南方,185.309686,6.9528
20250904,510050,上证50ETF华夏,583.3506679999999,3.0416
20250904,510300,沪深300ETF华泰柏瑞,907.780877,4.4573
20250904,510310,沪深300ETF易方达,673.18844,4.3136
20250904,510500,中证500ETF南方,186.001686,6.7788
20250910,510050,上证50ETF华夏,577.041668,3.0723
20250910,510300,沪深300ETF华泰柏瑞,899.7618769999999,4.54
20250910,510310,沪深300ETF易方达,671.28944,4.3933
20250910,510500,中证500ETF南方,185.657686,7.018
20250916,510050,上证50ETF华夏,582.405668,3.0809
20250916,510300,沪深300ETF华泰柏瑞,902.137877,4.6212
20250916,510310,沪深300ETF易方达,670.58744,4.4712
20250916,510500,中证500ETF南方,185.945686,7.2823
20250917,510050,上证50ETF华夏,583.107668,3.0868
20250917,510300,沪深300ETF华泰柏瑞,902.8578769999999,4.6501
20250917,510310,沪深300ETF易方达,670.52444,4.499
20250917,510500,中证500ETF南方,185.829686,7.3529
20250919,510050,上证50ETF华夏,579.822668,3.042
20250919,510300,沪深300ETF华泰柏瑞,900.814877,4.6
20250919,510310,沪深300ETF易方达,669.66944,4.4289
20250919,510500,中证500ETF南方,186.181686,7.263
20250922,510050,上证50ETF华夏,580.587668,3.0546
20250922,510300,沪深300ETF华泰柏瑞,899.518877,4.621
20250922,510310,沪深300ETF易方达,668.39144,4.449
20250922,510500,中证500ETF南方,184.765686,7.3162
20250924,510050,上证50ETF华夏,577.617668,3.0728
20250924,510300,沪深300ETF华泰柏瑞,895.783877,4.6657
20250924,510310,沪深300ETF易方达,667.2394400000001,4.4922
20250924,510500,中证500ETF南方,184.965686,7.4197
20250925,510050,上证50ETF华夏,577.347668,3.0868
20250925,510300,沪深300ETF华泰柏瑞,894.4878769999999,4.6942
20250925,510310,沪深300ETF易方达,666.92444,4.5196
20250925,510500,中证500ETF南方,185.077686,7.4394
20251010,510050,上证50ETF华夏,578.472668,3.1113
20251010,510300,沪深300ETF华泰柏瑞,902.947877,4.7191
20251010,510310,沪深300ETF易方达,667.41044,4.5445
20251010,510500,中证500ETF南方,186.677686,7.4992
20251013,510050,上证50ETF华夏,577.4376679999999,3.1031
20251013,510300,沪深300ETF华泰柏瑞,901.885877,4.6959
20251013,510310,沪深300ETF易方达,669.81344,4.5224
20251013,510500,中证500ETF南方,185.737686,7.4762
20251015,510050,上证50ETF华夏,577.7256679999999,3.1394
20251015,510300,沪深300ETF华泰柏瑞,899.743877,4.7092
20251015,510310,沪深300ETF易方达,669.96644,4.5352
20251015,510500,中证500ETF南方,183.97368600000001,7.3927
20251016,510050,上证50ETF华夏,578.6436679999999,3.1581
20251016,510300,沪深300ETF华泰柏瑞,897.052877,4.7228
20251016,510310,沪深300ETF易方达,670.09244,4.5484
20251016,510500,中证500ETF南方,182.493686,7.3283
20251022,510050,上证50ETF华夏,577.833668,3.149
20251022,510300,沪深300ETF华泰柏瑞,896.3148769999999,4.6981
20251022,510310,沪深300ETF易方达,669.79544,4.524
20251022,510500,中证500ETF南方,183.825686,7.228
20251028,510050,上证50ETF华夏,585.231668,3.1973
20251028,510300,沪深300ETF华泰柏瑞,894.6408769999999,4.8043
20251028,510310,沪深300ETF易方达,668.57144,4.6264
20251028,510500,中证500ETF南方,182.585686,7.4461
20251029,510050,上证50ETF华夏,585.420668,3.2104
20251029,510300,沪深300ETF华泰柏瑞,895.873877,4.8614
20251029,510310,沪深300ETF易方达,668.84144,4.6816
20251029,510500,中证500ETF南方,183.317686,7.5881
20251031,510050,上证50ETF华夏,586.212668,3.1567
20251031,510300,沪深300ETF华泰柏瑞,905.071877,4.7519
20251031,510310,沪深300ETF易方达,669.7144400000001,4.5761
20251031,510500,中证500ETF南方,183.993686,7.4386
20251103,510050,上证50ETF华夏,582.414668,3.1615
20251103,510300,沪深300ETF华泰柏瑞,903.685877,4.7649
20251103,510310,沪深300ETF易方达,669.40844,4.5889
20251103,510500,中证500ETF南方,183.285686,7.4397
20251105,510050,上证50ETF华夏,577.3026679999999,3.1528
20251105,510300,沪深300ETF华泰柏瑞,895.5588769999999,4.7382
20251105,510310,沪深300ETF易方达,666.8344400000001,4.5634
20251105,510500,中证500ETF南方,181.405686,7.3338
20251106,510050,上证50ETF华夏,574.2066679999999,3.1911
20251106,510300,沪深300ETF华泰柏瑞,893.6598769999999,4.8061
20251106,510310,沪深300ETF易方达,666.80744,4.6286
20251106,510500,中证500ETF南方,181.581686,7.4526
20251112,510050,上证50ETF华夏,570.318668,3.1921
20251112,510300,沪深300ETF华泰柏瑞,892.219877,4.7583
20251112,510310,沪深300ETF易方达,665.68244,4.5828
20251112,510500,中证500ETF南方,181.353686,7.3489
20251118,510050,上证50ETF华夏,573.486668,3.1484
20251118,510300,沪深300ETF华泰柏瑞,897.259877,4.6795
20251118,510310,沪深300ETF易方达,664.53044,4.507
20251118,510500,中证500ETF南方,182.781686,7.2558
20251119,510050,上证50ETF华夏,569.751668,3.1667
20251119,510300,沪深300ETF华泰柏瑞,894.6948769999999,4.7
20251119,510310,沪深300ETF易方达,664.26044,4.5269
20251119,510500,中证500ETF南方,184.245686,7.2286
20251121,510050,上证50ETF华夏,571.974668,3.0994
20251121,510300,沪深300ETF华泰柏瑞,902.254877,4.5631
20251121,510310,沪深300ETF易方达,663.6574400000001,4.3715
20251121,510500,中证500ETF南方,190.041686,6.9199
20251124,510050,上证50ETF华夏,576.915668,3.0941
20251124,510300,沪深300ETF华泰柏瑞,910.291877,4.5576
20251124,510310,沪深300ETF易方达,664.80044,4.3662
20251124,510500,中证500ETF南方,191.329686,6.972
20251126,510050,上证50ETF华夏,576.051668,3.1162
20251126,510300,沪深300ETF华泰柏瑞,902.695877,4.6288
20251126,510310,沪深300ETF易方达,663.64844,4.4346
20251126,510500,中证500ETF南方,184.425686,7.0693
20251127,510050,上证50ETF华夏,578.166668,3.1166
20251127,510300,沪深300ETF华泰柏瑞,901.822877,4.6266
20251127,510310,沪深300ETF易方达,663.36044,4.4325
20251127,510500,中证500ETF南方,183.641686,7.0556
20251203,510050,上证50ETF华夏,572.2446679999999,3.1068
20251203,510300,沪深300ETF华泰柏瑞,898.177877,4.6425
20251203,510310,沪深300ETF易方达,662.9014400000001,4.448
20251203,510500,中证500ETF南方,183.381686,7.1007
20251209,510050,上证50ETF华夏,574.2066679999999,3.1438
20251209,510300,沪深300ETF华泰柏瑞,899.077877,4.7122
20251209,510310,沪深300ETF易方达,663.3154400000001,4.5143
20251209,510500,中证500ETF南方,184.717686,7.229
20251210,510050,上证50ETF华夏,571.4706679999999,3.1316
20251210,510300,沪深300ETF华泰柏瑞,897.0168769999999,4.7057
20251210,510310,沪深300ETF易方达,662.80244,4.5074
20251210,510500,中证500ETF南方,182.71768600000001,7.2627
20251212,510050,上证50ETF华夏,576.2496679999999,3.1389
20251212,510300,沪深300ETF华泰柏瑞,900.085877,4.6959
20251212,510310,沪深300ETF易方达,663.62144,4.4978
20251212,510500,中证500ETF南方,185.409686,7.2894
20251215,510050,上证50ETF华夏,575.025668,3.1335
20251215,510300,沪深300ETF华泰柏瑞,897.7998769999999,4.6685
20251215,510310,沪深300ETF易方达,663.42344,4.4709
20251215,510500,中证500ETF南方,185.337686,7.2292
20251217,510050,上证50ETF华夏,571.623668,3.0582
20251217,510300,沪深300ETF华泰柏瑞,901.6068769999999,4.6977
20251217,510310,沪深300ETF易方达,664.26044,4.4991
20251217,510500,中证500ETF南方,186.181686,7.2531
20251218,510050,上证50ETF华夏,571.101668,3.0651
20251218,510300,沪深300ETF华泰柏瑞,902.488877,4.6711
20251218,510310,沪深300ETF易方达,664.26944,4.4736
20251218,510500,中证500ETF南方,186.221686,7.2167
20251224,510050,上证50ETF华夏,572.712668,3.0974
20251224,510300,沪深300ETF华泰柏瑞,891.4098769999999,4.757
20251224,510310,沪深300ETF易方达,661.30844,4.5565
20251224,510500,中证500ETF南方,187.561686,7.4738
20251230,510050,上证50ETF华夏,572.5146679999999,3.1104
20251230,510300,沪深300ETF华泰柏瑞,890.2848769999999,4.7755
20251230,510310,沪深300ETF易方达,660.02144,4.5744
20251230,510500,中证500ETF南方,190.997686,7.584
20251231,510050,上证50ETF华夏,566.646668,3.1046
20251231,510300,沪深300ETF华泰柏瑞,888.2958769999999,4.7536
20251231,510310,沪深300ETF易方达,658.5364400000001,4.5533
20251231,510500,中证500ETF南方,190.645686,7.5895
20260105,510050,上证50ETF华夏,565.890668,3.1751
20260105,510300,沪深300ETF华泰柏瑞,890.581877,4.8437
20260105,510310,沪深300ETF易方达,659.69744,4.6398
20260105,510500,中证500ETF南方,194.317686,7.7794
20260107,510050,上证50ETF华夏,564.0906679999999,3.2214
20260107,510300,沪深300ETF华泰柏瑞,890.293877,4.904
20260107,510310,沪深300ETF易方达,659.26544,4.6977
20260107,510500,中证500ETF南方,194.917686,8.0072
20260108,510050,上证50ETF华夏,564.045668,3.1977
20260108,510300,沪深300ETF华泰柏瑞,891.427877,4.864
20260108,510310,沪深300ETF易方达,659.21144,4.6594
20260108,510500,中证500ETF南方,193.585686,8.0268
20260114,510050,上证50ETF华夏,558.330668,3.1881
20260114,510300,沪深300ETF华泰柏瑞,882.427877,4.8699
20260114,510310,沪深300ETF易方达,655.05344,4.6653
20260114,510500,中证500ETF南方,195.629686,8.3667
20260120,510050,上证50ETF华夏,471.084668,3.1495
20260120,510300,沪深300ETF华泰柏瑞,755.3388769999999,4.7257
20260120,510310,沪深300ETF易方达,597.18344,4.5701
20260120,510500,中证500ETF南方,161.429686,8.3254
20260121,510050,上证50ETF华夏,428.64066799999995,3.1461
20260121,510300,沪深300ETF华泰柏瑞,719.7798769999999,4.7302
20260121,510310,沪深300ETF易方达,566.9884400000001,4.5744
20260121,510500,中证500ETF南方,161.881686,8.4204
20260123,510050,上证50ETF华夏,388.491668,3.1101
20260123,510300,沪深300ETF华泰柏瑞,644.152877,4.7109
20260123,510310,沪深300ETF易方达,488.59844,4.5554
20260123,510500,中证500ETF南方,163.553686,8.6712
20260126,510050,上证50ETF华夏,348.04566800000003,3.1281
20260126,510300,沪深300ETF华泰柏瑞,605.173877,4.7151
20260126,510310,沪深300ETF易方达,438.49544,4.5595
20260126,510500,中证500ETF南方,151.905686,8.5869
20260128,510050,上证50ETF华夏,282.579668,3.1391
20260128,510300,沪深300ETF华泰柏瑞,515.047877,4.7256
20260128,510310,沪深300ETF易方达,349.65644,4.5701
20260128,510500,中证500ETF南方,140.317686,8.683
20260129,510050,上证50ETF华夏,259.269668,3.1906
20260129,510300,沪深300ETF华泰柏瑞,492.601877,4.7616
20260129,510310,沪深300ETF易方达,330.00944,4.6046
20260129,510500,中证500ETF南方,133.60568600000002,8.5989
20260204,510050,上证50ETF华夏,249.93666800000003,3.1459
20260204,510300,沪深300ETF华泰柏瑞,469.876877,4.7058
20260204,510310,沪深300ETF易方达,324.46544,4.5511
20260204,510500,中证500ETF南方,113.913686,8.3764
20260210,510050,上证50ETF华夏,245.13966800000003,3.1685
20260210,510300,沪深300ETF华泰柏瑞,471.28987699999993,4.7344
20260210,510310,沪深300ETF易方达,324.69044,4.579
20260210,510500,中证500ETF南方,113.949686,8.3838
20260211,510050,上证50ETF华夏,243.63666800000001,3.1697
20260211,510300,沪深300ETF华泰柏瑞,470.25487699999996,4.724
20260211,510310,沪深300ETF易方达,324.10544,4.5691
20260211,510500,中证500ETF南方,114.39368600000002,8.4046
20260213,510050,上证50ETF华夏,238.956668,3.1145
20260213,510300,沪深300ETF华泰柏瑞,461.236877,4.6708
20260213,510310,沪深300ETF易方达,322.01744,4.5182
20260213,510500,中证500ETF南方,108.989686,8.3782
20260225,510050,上证50ETF华夏,239.064668,3.1357
20260225,510300,沪深300ETF华泰柏瑞,459.796877,4.7463
20260225,510310,沪深300ETF易方达,321.81044,4.5918
20260225,510500,中证500ETF南方,110.76568600000002,8.6072
20260303,510050,上证50ETF华夏,226.671668,3.0932
20260303,510300,沪深300ETF华泰柏瑞,445.738877,4.6659
20260303,510310,沪深300ETF易方达,316.69844,4.5145
20260303,510500,中证500ETF南方,96.257686,8.3541
20260304,510050,上证50ETF华夏,228.69666800000002,3.0519
20260304,510300,沪深300ETF华泰柏瑞,449.60887699999995,4.6124
20260304,510310,沪深300ETF易方达,317.52644,4.4628
20260304,510500,中证500ETF南方,97.521686,8.3178
20260306,510050,上证50ETF华夏,229.767668,3.0708
20260306,510300,沪深300ETF华泰柏瑞,446.062877,4.6704
20260306,510310,沪深300ETF易方达,317.85944,4.5187
20260306,510500,中证500ETF南方,94.101686,8.4286
20260309,510050,上证50ETF华夏,227.742668,3.0404
20260309,510300,沪深300ETF华泰柏瑞,446.215877,4.6253
20260309,510310,沪深300ETF易方达,317.85944,4.4751
20260309,510500,中证500ETF南方,94.125686,8.3477
20260311,510050,上证50ETF华夏,229.218668,3.0631
20260311,510300,沪深300ETF华泰柏瑞,440.941877,4.7142
20260311,510310,沪深300ETF易方达,316.54544,4.5615
20260311,510500,中证500ETF南方,93.11768599999999,8.4742
20260312,510050,上证50ETF华夏,226.113668,3.0488
20260312,510300,沪深300ETF华泰柏瑞,440.077877,4.697
20260312,510310,沪深300ETF易方达,316.08644,4.545
20260312,510500,中证500ETF南方,90.997686,8.4278
20260318,510050,上证50ETF华夏,232.80066800000003,3.0378
20260318,510300,沪深300ETF华泰柏瑞,445.756877,4.6679
20260318,510310,沪深300ETF易方达,316.32944,4.5168
20260318,510500,中证500ETF南方,93.441686,8.1625
20260324,510050,上证50ETF华夏,242.511668,2.9036
20260324,510300,沪深300ETF华泰柏瑞,456.709877,4.4837
20260324,510310,沪深300ETF易方达,318.75044,4.3386
20260324,510500,中证500ETF南方,96.701686,7.658
20260325,510050,上证50ETF华夏,234.94266800000003,2.9327
20260325,510300,沪深300ETF华泰柏瑞,452.31787699999995,4.5468
20260325,510310,沪深300ETF易方达,318.36343999999997,4.3996
20260325,510500,中证500ETF南方,96.101686,7.8306
20260327,510050,上证50ETF华夏,234.420668,2.9099
20260327,510300,沪深300ETF华泰柏瑞,451.606877,4.5121
20260327,510310,沪深300ETF易方达,318.39944,4.3658
20260327,510500,中证500ETF南方,96.129686,7.8013
20260330,510050,上证50ETF华夏,232.638668,2.9057
20260330,510300,沪深300ETF华泰柏瑞,449.131877,4.5012
20260330,510310,沪深300ETF易方达,317.97644,4.3554
20260330,510500,中证500ETF南方,93.833686,7.8175
20260401,510050,上证50ETF华夏,230.100668,2.9521
20260401,510300,沪深300ETF华泰柏瑞,448.12387699999994,4.5355
20260401,510310,沪深300ETF易方达,316.73444,4.3889
20260401,510500,中证500ETF南方,96.069686,7.8152
20260402,510050,上证50ETF华夏,228.624668,2.9256
20260402,510300,沪深300ETF华泰柏瑞,447.187877,4.4877
20260402,510310,沪深300ETF易方达,316.33844,4.343
20260402,510500,中证500ETF南方,93.153686,7.6676
20260408,510050,上证50ETF华夏,231.522668,2.9809
20260408,510300,沪深300ETF华泰柏瑞,451.651877,4.6054
20260408,510310,沪深300ETF易方达,316.58144,4.4564
20260408,510500,中证500ETF南方,105.757686,8.0148
